label	name	phylum
Archaea__Euryarchaeota__Methanomicrobia__Methanocellales__Methanocellaceae__Methanocella__Methanocella_paludicola_SANAE--AP011532.1525044.1526513	Methanocella_paludicola_SANAE	Euryarchaeota
Archaea__Euryarchaeota__Methanomicrobia__Methanomicrobiales__Methanomicrobiaceae__Methanoculleus__Methanoculleus_marisnigri_JR1--CP000562.1822651.1824115	Methanoculleus_marisnigri_JR1	Euryarchaeota
Archaea__Euryarchaeota__Methanomicrobia__Methanosarcinales__Methanosaetaceae__Methanosaeta__Methanosaeta_concilii--X51423.206.1677	Methanosaeta_concilii	Euryarchaeota
Bacteria__Actinobacteria__Actinobacteria__Actinomycetales__Actinomycetaceae__Actinomyces__Actinomyces_bovis--X81061.1.1434	Actinomyces_bovis	Actinobacteria
Bacteria__Actinobacteria__Actinobacteria__Micrococcales__Microbacteriaceae__Microbacterium__Microbacterium_lacticum--X77441.1.1474	Microbacterium_lacticum	Actinobacteria
Bacteria__Actinobacteria__Actinobacteria__Micrococcales__Micrococcaceae__Yaniella__Yaniella_halotolerans--AY228479.1.1503	Yaniella_halotolerans	Actinobacteria
Bacteria__Actinobacteria__Actinobacteria__Micrococcales__Promicromonosporaceae__Isoptericola__Isoptericola_variabilis--AJ298873.1.1472	Isoptericola_variabilis	Actinobacteria
Bacteria__Actinobacteria__Actinobacteria__Propionibacteriales__Nocardioidaceae__Nocardioides__Nocardioides_sp_0714C4_4--HM222686.1.1483	Nocardioides_sp_0714C4_4	Actinobacteria
Bacteria__Actinobacteriota__Actinobacteria__Micrococcales__Dermabacteraceae__Brachybacterium__Brachybacterium_conglomeratum--AB537169.1.1458	Brachybacterium_conglomeratum	Actinobacteriota
Bacteria__Actinobacteriota__Actinobacteria__Micrococcales__Micrococcaceae__Micrococcus__Micrococcus_luteus--AB023371.1.1468	Micrococcus_luteus	Actinobacteriota
Bacteria__Actinobacteriota__Actinobacteria__Micrococcales__Micrococcaceae__Micrococcus__Micrococcus_yunnanensis--FJ214355.1.1426	Micrococcus_yunnanensis	Actinobacteriota
Bacteria__Bacteroidetes__Cytophagia__Cytophagales__Flammeovirgaceae__Flexithrix__Flexithrix_dorotheae--AB681020.1.1448	Flexithrix_dorotheae	Bacteroidetes
Bacteria__Bacteroidetes__Cytophagia__Cytophagales__Flammeovirgaceae__Luteivirga__Marivirga_sericea--AB078082.1.1479	Marivirga_sericea	Bacteroidetes
Bacteria__Bacteroidetes__Cytophagia__Cytophagales__Flammeovirgaceae__Marinoscillum__uncultured_bacterium--EF573486.1.1485	uncultured_bacterium	Bacteroidetes
Bacteria__Bacteroidetes__Cytophagia__Cytophagales__Flammeovirgaceae__Reichenbachiella__Bacteroidetes_bacterium_O_014--DQ812543.1.1464	Bacteroidetes_bacterium_O_014	Bacteroidetes
Bacteria__Bacteroidetes__Cytophagia__Cytophagales__Flammeovirgaceae__Reichenbachiella__uncultured_Bacteroidetes_bacterium--JQ579830.1.1481	uncultured_Bacteroidetes_bacterium	Bacteroidetes
Bacteria__Bacteroidetes__Flavobacteriia__Flavobacteriales__Cryomorphaceae__Fluviicola__uncultured_bacterium--GU584645.1.1390	uncultured_bacterium	Bacteroidetes
Bacteria__Bacteroidetes__Flavobacteriia__Flavobacteriales__Cryomorphaceae__NS10_marine_group__uncultured_Flavobacteriia_bacterium--FQ032815.3262.4778	uncultured_Flavobacteriia_bacterium	Bacteroidetes
Bacteria__Bacteroidetes__Flavobacteriia__Flavobacteriales__Cryomorphaceae__Owenweeksia__Owenweeksia_hongkongensis--AB125062.1.1482	Owenweeksia_hongkongensis	Bacteroidetes
Bacteria__Bacteroidetes__Flavobacteriia__Flavobacteriales__Cryomorphaceae__Owenweeksia__uncultured_Bacteroidetes_bacterium--EF016471.1.1478	uncultured_Bacteroidetes_bacterium	Bacteroidetes
Bacteria__Bacteroidetes__Flavobacteriia__Flavobacteriales__Flavobacteriaceae__Chryseobacterium__Chryseobacterium_gleum--AM232812.1.1438	Chryseobacterium_gleum	Bacteroidetes
Bacteria__Bacteroidetes__Flavobacteriia__Flavobacteriales__Flavobacteriaceae__Formosa__uncultured_bacterium--EF574301.1.1488	uncultured_bacterium	Bacteroidetes
Bacteria__Bacteroidetes__Flavobacteriia__Flavobacteriales__Flavobacteriaceae__Kordia__Kordia_algicida--AB681152.1.1447	Kordia_algicida	Bacteroidetes
Bacteria__Bacteroidetes__Flavobacteriia__Flavobacteriales__Flavobacteriaceae__NS2b_marine_group__uncultured_Flavobacteriia_bacterium--FN433398.1.1481	uncultured_Flavobacteriia_bacterium	Bacteroidetes
Bacteria__Bacteroidetes__Flavobacteriia__Flavobacteriales__Flavobacteriaceae__NS4_marine_group__uncultured_Bacteroidetes_bacterium--EF016474.1.1494	uncultured_Bacteroidetes_bacterium	Bacteroidetes
Bacteria__Bacteroidetes__Flavobacteriia__Flavobacteriales__Flavobacteriaceae__NS5_marine_group__uncultured_marine_bacterium--DQ009115.1.2314	uncultured_marine_bacterium	Bacteroidetes
Bacteria__Bacteroidetes__Flavobacteriia__Flavobacteriales__Flavobacteriaceae__Polaribacter__Polaribacter_sp_J11_21--FJ425214.1.1414	Polaribacter_sp_J11_21	Bacteroidetes
Bacteria__Bacteroidetes__Flavobacteriia__Flavobacteriales__Flavobacteriaceae__Psychroserpens__Arctic_sea_ice_bacterium_ARK10217--AF468427.1.1466	Arctic_sea_ice_bacterium_ARK10217	Bacteroidetes
Bacteria__Bacteroidetes__Flavobacteriia__Flavobacteriales__Flavobacteriaceae__Tenacibaculum__Flexibacter_aurantiacus_subsp_copepodarum--AB078044.1.1475	Flexibacter_aurantiacus_subsp_copepodarum	Bacteroidetes
Bacteria__Bacteroidetes__Flavobacteriia__Flavobacteriales__Flavobacteriaceae__Ulvibacter__uncultured_Flavobacteriia_bacterium--FN433370.1.1478	uncultured_Flavobacteriia_bacterium	Bacteroidetes
Bacteria__Bacteroidetes__Flavobacteriia__Flavobacteriales__Flavobacteriaceae__uncultured_Flavobacteriaceae--MK391175	uncultured_Flavobacteriaceae	Bacteroidetes
Bacteria__Bacteroidetes__Flavobacteriia__Flavobacteriales__Flavobacteriaceae__uncultured__uncultured_Bacteroidetes_bacterium--EF471584.1.1482	uncultured_Bacteroidetes_bacterium	Bacteroidetes
Bacteria__Bacteroidetes__Flavobacteriia__Flavobacteriales__Flavobacteriaceae__Winogradskyella__Winogradskyella_sp_KYW_630--JQ687107.1.1452	Winogradskyella_sp_KYW_630	Bacteroidetes
Bacteria__Bacteroidetes__Flavobacteriia__Flavobacteriales__NS7_marine_group__uncultured_bacterium--JQ287452.1.1501	uncultured_bacterium	Bacteroidetes
Bacteria__Bacteroidetes__Flavobacteriia__Flavobacteriales__NS9_marine_group__uncultured_bacterium--EF572761.1.1483	uncultured_bacterium	Bacteroidetes
Bacteria__Bacteroidetes__Sphingobacteriia__Sphingobacteriales__NS11_12_marine_group__uncultured_Bacteroidetes_bacterium--AM279204.8.1480	uncultured_Bacteroidetes_bacterium	Bacteroidetes
Bacteria__Bacteroidetes__Sphingobacteriia__Sphingobacteriales__Saprospiraceae__Aureispira__Aureispira_maritima--AB278130.1.1432	Aureispira_maritima	Bacteroidetes
Bacteria__Bacteroidetes__Sphingobacteriia__Sphingobacteriales__Saprospiraceae__Lewinella__Lewinella_persica--EU371935.1.1488	Lewinella_persica	Bacteroidetes
Bacteria__Bacteroidetes__Sphingobacteriia__Sphingobacteriales__Saprospiraceae__uncultured__uncultured_Bacteroidetes_bacterium--EF471582.1.1484	uncultured_Bacteroidetes_bacterium	Bacteroidetes
Bacteria__Bacteroidota__Bacteroidia__Cytophagales__Cyclobacteriaceae__Fabibacter__Fabibacter_pacificus--KC005305.1.1442	Fabibacter_pacificus	Bacteroidota
Bacteria__Bdellovibrionota__Bdellovibrionia__Bacteriovoracales__Bacteriovoracaceae__Halobacteriovorax__Halobacteriovorax_sp._PA1--KR493097.1.1472	Halobacteriovorax_sp._PA1	Bdellovibrionota
Bacteria__Campylobacterota__Campylobacteria__Campylobacterales__Arcobacteraceae__Malaciobacter__uncultured_bacterium--JF831360.1.915	uncultured_bacterium	Campylobacterota
Bacteria__Chlamydiae__Chlamydiae__Chlamydiales__Chlamydiaceae__Chlamydia__Chlamydia_trachomatis--D89067.1.1548	Chlamydia_trachomatis	Chlamydiae
Bacteria__Chlamydiae__Chlamydiae__Chlamydiales__Chlamydiaceae__Chlamydophila__Chlamydophila_psittaci--U68447.1.1553	Chlamydophila_psittaci	Chlamydiae
Bacteria__Chlamydiae__Chlamydiae__Chlamydiales__Parachlamydiaceae__Neochlamydia__Neochlamydia_hartmannellae--AF177275.1.1529	Neochlamydia_hartmannellae	Chlamydiae
Bacteria__Chlamydiae__Chlamydiae__Chlamydiales__Parachlamydiaceae__Parachlamydia__Parachlamydia_acanthamoebae--Y07556.1.1541	Parachlamydia_acanthamoebae	Chlamydiae
Bacteria__Chlamydiae__Chlamydiae__Chlamydiales__Simkaniaceae__Simkania__Simkania_negevensis--U68460.1.1545	Simkania_negevensis	Chlamydiae
Bacteria__Chlamydiae__Chlamydiae__Chlamydiales__Waddliaceae__Waddlia__Waddlia_chondrophila--AF042496.1.1557	Waddlia_chondrophila	Chlamydiae
Bacteria__Chlorobi__Chlorobia__Chlorobiales__Chlorobiaceae__Chlorobium__Chlorobium_limicola_DSM_245--CP001097.112995.114488	Chlorobium_limicola_DSM_245	Chlorobi
Bacteria__Chlorobi__Chlorobia__Chlorobiales__Chlorobiaceae__Prosthecochloris__Prosthecochloris_aestuarii_DSM_271--CP001108.147535.149029	Prosthecochloris_aestuarii_DSM_271	Chlorobi
Bacteria__Chloroflexi__Anaerolineae__Anaerolineales__Anaerolineaceae__Anaerolinea__Anaerolinea_thermophila--AB046413.1.1457	Anaerolinea_thermophila	Chloroflexi
Bacteria__Chloroflexi__Caldilineae__Caldilineales__Caldilineaceae__Caldilinea__Caldilinea_aerophila--AB067647.1.1427	Caldilinea_aerophila	Chloroflexi
Bacteria__Chloroflexi__Chloroflexia__Chloroflexales__Chloroflexaceae__Chloroflexus__Chloroflexus_aggregans_DSM_9485--CP001337.3007559.3009032	Chloroflexus_aggregans_DSM_9485	Chloroflexi
Bacteria__Cyanobacteria__Cyanobacteria__SubsectionI__FamilyI__Gloeobacter__Gloeobacter_violaceus_PCC_7421--AF132790.1.1407	Gloeobacter_violaceus_PCC_7421	Cyanobacteria
Bacteria__Cyanobacteria__Cyanobacteria__SubsectionI__FamilyI__Prochlorococcus__Prochlorococcus_marinus_str_MIT_9313--AF053399.1.1400	Prochlorococcus_marinus_str_MIT_9313	Cyanobacteria
Bacteria__Cyanobacteria__Cyanobacteria__SubsectionI__FamilyI__Prochlorococcus__Prochlorococcus_marinus_subsp_pastoris_str_NATL1--AF311218.1.1437	Prochlorococcus_marinus_subsp_pastoris_str_NATL1	Cyanobacteria
Bacteria__Cyanobacteria__Cyanobacteria__SubsectionI__FamilyI__Prochlorococcus__Prochlorococcus_marinus_subsp_pastoris_str_NATL2--AF311219.1.1436	Prochlorococcus_marinus_subsp_pastoris_str_NATL2	Cyanobacteria
Bacteria__Cyanobacteria__Cyanobacteria__SubsectionI__FamilyI__Synechococcus__Synechococcus_sp_WH_5701--AY172832.1.1440	Synechococcus_sp_WH_5701	Cyanobacteria
Bacteria__Cyanobacteria__Cyanobacteria__SubsectionI__FamilyI__Synechococcus__Synechococcus_sp_WH_8109--AY172836.1.1440	Synechococcus_sp_WH_8109	Cyanobacteria
Bacteria__Cyanobacteria__Cyanobacteriia__Cyanobacteriales__Desertifilaceae__Roseofilum_AO1-A__Roseofilum_reptotaenium_AO1-A--MLAW01000094.181.1675	Roseofilum_reptotaenium_AO1-A	Cyanobacteria
Bacteria__Cyanobacteria__Cyanobacteriia__Cyanobacteriales__Desertifilaceae__Roseofilum_AO1-A__Roseofilum_reptotaenium_CDM2--LC368145.1.860	Roseofilum_reptotaenium_CDM2	Cyanobacteria
Bacteria__Deferribacteres__Deferribacteres__Deferribacterales__Deferribacterales_Incertae_Sedis__Caldithrix__Caldithrix_abyssi--AJ430587.1.1504	Caldithrix_abyssi	Deferribacteres
Bacteria__Fibrobacteres__Fibrobacteria__Fibrobacterales__Fibrobacteraceae__Fibrobacter__Fibrobacter_succinogenes_subsp_succinogenes_S85--AJ496032.1.1410	Fibrobacter_succinogenes_subsp_succinogenes_S85	Fibrobacteres
Bacteria__Fibrobacteres__Fibrobacteria__Fibrobacterales__Fibrobacteraceae__uncultured__uncultured_bacterium--FJ905717.1.1414	uncultured_bacterium	Fibrobacteres
Bacteria__Firmicutes__Bacilli__Bacillales__Bacillaceae__Bacillus__Bacillus_lehensis--AY793550.1.1525	Bacillus_lehensis	Firmicutes
Bacteria__Firmicutes__Bacilli__Bacillales__Bacillaceae__Bacillus__Bacillus_oshimensis--EU977642.1.1350	Bacillus_oshimensis	Firmicutes
Bacteria__Firmicutes__Bacilli__Bacillales__Bacillaceae__Bacillus__Bacillus_subtilis--AJ276351.1.1517	Bacillus_subtilis	Firmicutes
Bacteria__Firmicutes__Bacilli__Bacillales__Bacillaceae__Geobacillus__Geobacillus_stearothermophilus--AB021196.1.1523	Geobacillus_stearothermophilus	Firmicutes
Bacteria__Firmicutes__Bacilli__Bacillales__Bacillaceae__Oceanobacillus__Oceanobacillus_iheyensis_HTE831--AB010863.1.1525	Oceanobacillus_iheyensis_HTE831	Firmicutes
Bacteria__Firmicutes__Bacilli__Bacillales__Bacillaceae__Saccharococcus__Saccharococcus_thermophilus--L09227.1.1538	Saccharococcus_thermophilus	Firmicutes
Bacteria__Firmicutes__Bacilli__Bacillales__Paenibacillaceae__Brevibacillus__Brevibacillus_brevis--AB271756.1.1461	Brevibacillus_brevis	Firmicutes
Bacteria__Firmicutes__Bacilli__Bacillales__Paenibacillaceae__Paenibacillus__Paenibacillus_polymyxa--D16276.1.1491	Paenibacillus_polymyxa	Firmicutes
Bacteria__Firmicutes__Bacilli__Bacillales__Planococcaceae__Planococcus__Planococcus_rifietoensis--AJ493659.1.1531	Planococcus_rifietoensis	Firmicutes
Bacteria__Firmicutes__Bacilli__Bacillales__Staphylococcaceae__Staphylococcus__Staphylococcus_aureus--L36472.3194.4748	Staphylococcus_aureus	Firmicutes
Bacteria__Firmicutes__Bacilli__Exiguobacterales__Exiguobacteraceae__Exiguobacterium__Exiguobacterium_sp._R1t9--DQ530521.1.770	Exiguobacterium_sp._R1t9	Firmicutes
Bacteria__Firmicutes__Bacilli__Lactobacillales__Aerococcaceae__Aerococcus__Aerococcus_viridans_ATCC_11563--ADNT01000041.30.1567	Aerococcus_viridans_ATCC_11563	Firmicutes
Bacteria__Firmicutes__Bacilli__Lactobacillales__Enterococcaceae__Enterococcus__Enterococcus_faecalis--AB012212.1.1517	Enterococcus_faecalis	Firmicutes
Bacteria__Firmicutes__Bacilli__Lactobacillales__Enterococcaceae__Pilibacter__Pilibacter_termitis--AY533171.1.1432	Pilibacter_termitis	Firmicutes
Bacteria__Firmicutes__Bacilli__Lactobacillales__Lactobacillaceae__Lactobacillus__Lactobacillus_delbrueckii_subsp_delbrueckii--AY773949.1.1518	Lactobacillus_delbrueckii_subsp_delbrueckii	Firmicutes
Bacteria__Firmicutes__Bacilli__Lactobacillales__Lactobacillaceae__Lactobacillus__Lactobacillus_selangorensis--AF049745.1.1495	Lactobacillus_selangorensis	Firmicutes
Bacteria__Firmicutes__Bacilli__Lactobacillales__Lactobacillaceae__Pediococcus__Pediococcus_damnosus--AJ318414.1.1561	Pediococcus_damnosus	Firmicutes
Bacteria__Firmicutes__Bacilli__Lactobacillales__Leuconostocaceae__Leuconostoc__Leuconostoc_mesenteroides_subsp_mesenteroides_ATCC_8293--CP000414.148404.149952	Leuconostoc_mesenteroides_subsp_mesenteroides_ATCC_8293	Firmicutes
Bacteria__Firmicutes__Bacilli__Lactobacillales__Leuconostocaceae__Weissella__Weissella_viridescens--AB023236.1.1479	Weissella_viridescens	Firmicutes
Bacteria__Firmicutes__Bacilli__Lactobacillales__Streptococcaceae__Lactococcus__Lactococcus_lactis_subsp_lactis--AB100803.1.1499	Lactococcus_lactis_subsp_lactis	Firmicutes
Bacteria__Firmicutes__Bacilli__Lactobacillales__Streptococcaceae__Streptococcus__Streptococcus_pyogenes--AB002521.1.1393	Streptococcus_pyogenes	Firmicutes
Bacteria__Firmicutes__Clostridia__Clostridiales__Clostridiaceae_1__Clostridium_sensu_stricto_1__Clostridium_butyricum--AJ458420.1.1425	Clostridium_butyricum	Firmicutes
Bacteria__Firmicutes__Clostridia__Halanaerobiales__Halanaerobiaceae__Halothermothrix__Halothermothrix_orenii--L22016.1.1534	Halothermothrix_orenii	Firmicutes
Bacteria__Firmicutes__Clostridia__Halanaerobiales__Halobacteroidaceae__Orenia__Orenia_marismortui--X89073.1.1476	Orenia_marismortui	Firmicutes
Bacteria__Gemmatimonadetes__Gemmatimonadetes__Gemmatimonadales__Gemmatimonadaceae__Gemmatimonas__Gemmatimonas_aurantiaca--AB072735.1.1446	Gemmatimonas_aurantiaca	Gemmatimonadetes
Bacteria__Lentisphaerae__Lentisphaeria__Lentisphaerales__Lentisphaeraceae__Lentisphaera__Lentisphaera_araneosa--AY390428.1.1478	Lentisphaera_araneosa	Lentisphaerae
Bacteria__Lentisphaerae__Lentisphaeria__Victivallales__Victivallaceae__Victivallis__Victivallis_vadensis--AY049713.1.1456	Victivallis_vadensis	Lentisphaerae
Bacteria__Lentisphaerae__Oligosphaeria__Oligosphaerales__Oligosphaeraceae__Oligosphaera__Oligosphaera_ethanolica--AB558581.1.1434	Oligosphaera_ethanolica	Lentisphaerae
Bacteria__Nitrospirae__Nitrospira__Nitrospirales__Nitrospiraceae__Leptospirillum__Leptospirillum_ferrooxidans--X86776.1.1484	Leptospirillum_ferrooxidans	Nitrospirae
Bacteria__Nitrospirae__Nitrospira__Nitrospirales__Nitrospiraceae__Thermodesulfovibrio__Thermodesulfovibrio_yellowstonii--AB231858.1.1461	Thermodesulfovibrio_yellowstonii	Nitrospirae
Bacteria__Planctomycetes__Planctomycetacia__Planctomycetales__Planctomycetaceae__Blastopirellula__Blastopirellula_marina_DSM_3645--AANZ01000001.1.762	Blastopirellula_marina_DSM_3645	Planctomycetes
Bacteria__Planctomycetes__Planctomycetacia__Planctomycetales__Planctomycetaceae__Rhodopirellula__Pirellula_sp--X81940.1.1495	Pirellula_sp	Planctomycetes
Bacteria__Proteobacteria__Alphaproteobacteria__OCS116_clade__uncultured_alpha_proteobacterium--FJ425651.1.1456	uncultured_alpha_proteobacterium	Proteobacteria
Bacteria__Proteobacteria__Alphaproteobacteria__Rhizobiales__Phyllobacteriaceae__Hoeflea__uncultured_Rhizobiales_bacterium--AB294974.1.1441	uncultured_Rhizobiales_bacterium	Proteobacteria
Bacteria__Proteobacteria__Alphaproteobacteria__Rhizobiales__Rhizobiaceae__Aurantimonas__Aurantimonas_coralicida--AB682667.1.1412	Aurantimonas_coralicida	Proteobacteria
Bacteria__Proteobacteria__Alphaproteobacteria__Rhizobiales__Rhizobiaceae__Shinella__uncultured_bacterium--JF177591.1.1306	uncultured_bacterium	Proteobacteria
Bacteria__Proteobacteria__Alphaproteobacteria__Rhizobiales__Rhodobiaceae__Rhodobium__uncultured_bacterium--JX017058.1.1443	uncultured_bacterium	Proteobacteria
Bacteria__Proteobacteria__Alphaproteobacteria__Rhizobiales__Stappiaceae__Labrenzia__Labrenzia_aggregata--AB681109.1.1408	Labrenzia_aggregata	Proteobacteria
Bacteria__Proteobacteria__Alphaproteobacteria__Rhizobiales__Stappiaceae__Pseudovibrio__Pseudovibrio_sp._P12--KX198136.1.750	Pseudovibrio_sp._P12	Proteobacteria
Bacteria__Proteobacteria__Alphaproteobacteria__Rhodobacterales__Rhodobacteraceae__Candidatus_Planktomarina__DC5_80_3_lineage__uncultured_marine_bacterium--FR683115.1.1427	uncultured_marine_bacterium	Proteobacteria
Bacteria__Proteobacteria__Alphaproteobacteria__Rhodobacterales__Rhodobacteraceae__Leisingera__Roseobacter_sp_PIC_68--AJ534238.1.1355	Roseobacter_sp_PIC_68	Proteobacteria
Bacteria__Proteobacteria__Alphaproteobacteria__Rhodobacterales__Rhodobacteraceae__Leisingera__uncultured_bacterium--GU220735.1.1444	uncultured_bacterium	Proteobacteria
Bacteria__Proteobacteria__Alphaproteobacteria__Rhodobacterales__Rhodobacteraceae__Lentibacter__uncultured_marine_bacterium--FJ825966.1.1417	uncultured_marine_bacterium	Proteobacteria
Bacteria__Proteobacteria__Alphaproteobacteria__Rhodobacterales__Rhodobacteraceae__Loktanella__Rhodobacteraceae_bacterium_HTCC2150--AAXZ01000001.204045.205490	Rhodobacteraceae_bacterium_HTCC2150	Proteobacteria
Bacteria__Proteobacteria__Alphaproteobacteria__Rhodobacterales__Rhodobacteraceae__Loktanella__uncultured_alpha_proteobacterium--GQ472792.1.1424	uncultured_alpha_proteobacterium	Proteobacteria
Bacteria__Proteobacteria__Alphaproteobacteria__Rhodobacterales__Rhodobacteraceae__Marivita__Marivita_cryptomonadis--EU512919.1.1376	Marivita_cryptomonadis	Proteobacteria
Bacteria__Proteobacteria__Alphaproteobacteria__Rhodobacterales__Rhodobacteraceae__Marivita__Marivita_litorea--EU512918.1.1369	Marivita_litorea	Proteobacteria
Bacteria__Proteobacteria__Alphaproteobacteria__Rhodobacterales__Rhodobacteraceae__Paracoccus__Paracoccus_marcusii--AF139992.1.1427	Paracoccus_marcusii	Proteobacteria
Bacteria__Proteobacteria__Alphaproteobacteria__Rhodobacterales__Rhodobacteraceae__Phaeobacter__Phaeobacter_sp_ZXM177--FJ436728.1.1399	Phaeobacter_sp_ZXM177	Proteobacteria
Bacteria__Proteobacteria__Alphaproteobacteria__Rhodobacterales__Rhodobacteraceae__Pseudoruegeria__Pseudoruegeria_lutimaris--FJ374173.1.1423	Pseudoruegeria_lutimaris	Proteobacteria
Bacteria__Proteobacteria__Alphaproteobacteria__Rhodobacterales__Rhodobacteraceae__Roseobacter_clade_NAC11_7_lineage__uncultured_marine_bacterium--FJ826508.1.1422	uncultured_marine_bacterium	Proteobacteria
Bacteria__Proteobacteria__Alphaproteobacteria__Rhodobacterales__Rhodobacteraceae__Roseobacter_clade_OCT_lineage__uncultured_marine_bacterium--FJ826232.1.1417	uncultured_marine_bacterium	Proteobacteria
Bacteria__Proteobacteria__Alphaproteobacteria__Rhodobacterales__Rhodobacteraceae__Roseovarius__uncultured_bacterium--EU999017.1.1318	uncultured_bacterium	Proteobacteria
Bacteria__Proteobacteria__Alphaproteobacteria__Rhodobacterales__Rhodobacteraceae__Ruegeria__Ruegeria_sp--MH807592.1.1201	Ruegeria_sp	Proteobacteria
Bacteria__Proteobacteria__Alphaproteobacteria__Rhodobacterales__Rhodobacteraceae__Ruegeria__Ruegeria_sp--MH807595.1.1300	Ruegeria_sp	Proteobacteria
Bacteria__Proteobacteria__Alphaproteobacteria__Rhodobacterales__Rhodobacteraceae__Ruegeria__Ruegeria_sp--MH807598.1.870	Ruegeria_sp	Proteobacteria
Bacteria__Proteobacteria__Alphaproteobacteria__Rhodobacterales__Rhodobacteraceae__Ruegeria__Ruegeria_sp_S4732--FJ460050.1.1355	Ruegeria_sp_S4732	Proteobacteria
Bacteria__Proteobacteria__Alphaproteobacteria__Rhodobacterales__Rhodobacteraceae__Sagittula__Sagittula_marina--HQ336489.1.1376	Sagittula_marina	Proteobacteria
Bacteria__Proteobacteria__Alphaproteobacteria__Rhodobacterales__Rhodobacteraceae__Sulfitobacter__Sulfitobacter_sp_NF1_26--FJ196014.1.1427	Sulfitobacter_sp_NF1_26	Proteobacteria
Bacteria__Proteobacteria__Alphaproteobacteria__Rhodobacterales__Rhodobacteraceae__Tateyamaria__Tateyamaria_sp_KS9_11--FJ889554.1.1426	Tateyamaria_sp_KS9_11	Proteobacteria
Bacteria__Proteobacteria__Alphaproteobacteria__Rhodobacterales__Rhodobacteraceae__Thalassobius__uncultured_bacterium--EF646118.1.1424	uncultured_bacterium	Proteobacteria
Bacteria__Proteobacteria__Alphaproteobacteria__Rhodobacterales__Rhodobacteraceae__uncultured__uncultured_bacterium--AB630741.1.1382	uncultured_bacterium	Proteobacteria
Bacteria__Proteobacteria__Alphaproteobacteria__Rickettsiales__Candidatus_Midichloriaceae__Candidatus_Aquarickettsia__Candidatus_Aquarickettsia_rohweri--MT544612	Candidatus_Aquarickettsia_rohweri	Proteobacteria
Bacteria__Proteobacteria__Alphaproteobacteria__Rickettsiales__Rickettsiaceae__Rickettsia__Rickettsia_prowazekii--M21789.1.1508	Rickettsia_prowazekii	Proteobacteria
Bacteria__Proteobacteria__Alphaproteobacteria__Rickettsiales__Rickettsiaceae__uncultured__uncultured_bacterium--EU799164.1.1464	uncultured_bacterium	Proteobacteria
Bacteria__Proteobacteria__Alphaproteobacteria__Rickettsiales__SAR116_clade__uncultured_bacterium--EU799208.1.1446	uncultured_bacterium	Proteobacteria
Bacteria__Proteobacteria__Alphaproteobacteria__SAR11_clade__Surface_1__Candidatus_Pelagibacter__Candidatus_Pelagibacter_ubique_HTCC1062--CP000084.511358.512831	Candidatus_Pelagibacter_ubique_HTCC1062	Proteobacteria
Bacteria__Proteobacteria__Alphaproteobacteria__SAR11_clade__Surface_2__uncultured_bacterium--EU804903.1.1438	uncultured_bacterium	Proteobacteria
Bacteria__Proteobacteria__Alphaproteobacteria__SAR11_clade__Surface_4__uncultured_bacterium--JQ678535.1.1449	uncultured_bacterium	Proteobacteria
Bacteria__Proteobacteria__Alphaproteobacteria__SB1_18__uncultured_bacterium--JQ712109.1.1464	uncultured_bacterium	Proteobacteria
Bacteria__Proteobacteria__Alphaproteobacteria__Sphingomonadales__Erythrobacteraceae__Erythrobacter__uncultured_bacterium--EF574477.1.1452	uncultured_bacterium	Proteobacteria
Bacteria__Proteobacteria__Alphaproteobacteria__Sphingomonadales__Sphingomonadaceae__Parasphingopyxis__Sphingomonadaceae_bacterium_BL108--HM100718.1.1392	Sphingomonadaceae_bacterium_BL108	Proteobacteria
Bacteria__Proteobacteria__Betaproteobacteria__Burkholderiales__Burkholderiaceae__Burkholderia__Burkholderia_cepacia--U96927.1.1610	Burkholderia_cepacia	Proteobacteria
Bacteria__Proteobacteria__Betaproteobacteria__Burkholderiales__Burkholderiaceae__Limnobacter__uncultured_organism--HQ773924.1.1441	uncultured_organism	Proteobacteria
Bacteria__Proteobacteria__Betaproteobacteria__Burkholderiales__Burkholderiaceae__Ralstonia__Ralstonia_pickettii--AY741342.1.1491	Ralstonia_pickettii	Proteobacteria
Bacteria__Proteobacteria__Betaproteobacteria__Burkholderiales__Comamonadaceae__Acidovorax__Acidovorax_facilis--AF078765.1.1511	Acidovorax_facilis	Proteobacteria
Bacteria__Proteobacteria__Betaproteobacteria__Burkholderiales__Comamonadaceae__Polaromonas__Polaromonas_vacuolata--U14585.1.1454	Polaromonas_vacuolata	Proteobacteria
Bacteria__Proteobacteria__Betaproteobacteria__Hydrogenophilales__Hydrogenophilaceae__Thiobacillus__uncultured_bacterium--EU799924.1.1501	uncultured_bacterium	Proteobacteria
Bacteria__Proteobacteria__Betaproteobacteria__Methylophilales__Methylophilaceae__Methylobacillus__Methylobacillus_glycogenes--FR733701.1.1532	Methylobacillus_glycogenes	Proteobacteria
Bacteria__Proteobacteria__Betaproteobacteria__Methylophilales__Methylophilaceae__OM43_clade__uncultured_bacterium--EU799255.1.1506	uncultured_bacterium	Proteobacteria
Bacteria__Proteobacteria__Deltaproteobacteria__Bdellovibrionales__Bdellovibrionaceae__Bdellovibrio__Bdellovibrio_bacteriovorus--AJ292759.1.1334	Bdellovibrio_bacteriovorus	Proteobacteria
Bacteria__Proteobacteria__Deltaproteobacteria__Desulfobacterales__Desulfobacteraceae__Desulfococcus__Desulfococcus_multivorans--AF418173.1.1529	Desulfococcus_multivorans	Proteobacteria
Bacteria__Proteobacteria__Deltaproteobacteria__Desulfobacterales__Desulfobacteraceae__Desulfofrigus__Desulfofrigus_oceanense--AF099064.1.1523	Desulfofrigus_oceanense	Proteobacteria
Bacteria__Proteobacteria__Deltaproteobacteria__Desulfuromonadales__Desulfuromonadaceae__Desulfuromonas__Desulfuromonas_acetoxidans_DSM_684--AAEW02000008.189409.190966	Desulfuromonas_acetoxidans_DSM_684	Proteobacteria
Bacteria__Proteobacteria__Deltaproteobacteria__Desulfuromonadales__Desulfuromonadaceae__Malonomonas__Malonomonas_rubra--Y17712.1.1525	Malonomonas_rubra	Proteobacteria
Bacteria__Proteobacteria__Deltaproteobacteria__Desulfuromonadales__Geobacteraceae__Geobacter__Geobacter_metallireducens--L07834.1.1546	Geobacter_metallireducens	Proteobacteria
Bacteria__Proteobacteria__Deltaproteobacteria__Myxococcales__Cystobacteraceae__Stigmatella__Stigmatella_aurantiaca--DQ768127.1.1502	Stigmatella_aurantiaca	Proteobacteria
Bacteria__Proteobacteria__Deltaproteobacteria__Myxococcales__Myxococcaceae__Myxococcus__Myxococcus_fulvus--DQ768117.1.1493	Myxococcus_fulvus	Proteobacteria
Bacteria__Proteobacteria__Deltaproteobacteria__Syntrophobacterales__Syntrophaceae__Syntrophus__Syntrophus_buswellii--X85131.1.1561	Syntrophus_buswellii	Proteobacteria
Bacteria__Proteobacteria__Gammaproteobacteria__Alteromonadales__Alteromonadaceae__Aestuariibacter__uncultured_bacterium--HM591411.1.1497	uncultured_bacterium	Proteobacteria
Bacteria__Proteobacteria__Gammaproteobacteria__Alteromonadales__Alteromonadaceae__Alteromonas__Alteromonas_genovensis--AM885866.1.1501	Alteromonas_genovensis	Proteobacteria
Bacteria__Proteobacteria__Gammaproteobacteria__Alteromonadales__Alteromonadaceae__Catenovulum__Catenovulum_agarivorans_YM01--GQ262000.1.1379	Catenovulum_agarivorans_YM01	Proteobacteria
Bacteria__Proteobacteria__Gammaproteobacteria__Alteromonadales__Alteromonadaceae__Chromatocurvus__Chromatocurvus_halotolerans--AM691086.1.1523	Chromatocurvus_halotolerans	Proteobacteria
Bacteria__Proteobacteria__Gammaproteobacteria__Alteromonadales__Alteromonadaceae__Congregibacter__Congregibacter_litoralis_KT71--AY007676.1.1389	Congregibacter_litoralis_KT71	Proteobacteria
Bacteria__Proteobacteria__Gammaproteobacteria__Alteromonadales__Alteromonadaceae__Glaciecola__uncultured_marine_bacterium--DQ071092.1.1455	uncultured_marine_bacterium	Proteobacteria
Bacteria__Proteobacteria__Gammaproteobacteria__Alteromonadales__Alteromonadaceae__Haliea__uncultured_marine_bacterium_463--AY458641.97132.98656	uncultured_marine_bacterium_463	Proteobacteria
Bacteria__Proteobacteria__Gammaproteobacteria__Alteromonadales__Alteromonadaceae__Luminiphilus__uncultured_bacterium--JX016055.1.1492	uncultured_bacterium	Proteobacteria
Bacteria__Proteobacteria__Gammaproteobacteria__Alteromonadales__Alteromonadaceae__Marinobacter__Marinobacter_sp_JAM_GA23--AB526346.1.1469	Marinobacter_sp_JAM_GA23	Proteobacteria
Bacteria__Proteobacteria__Gammaproteobacteria__Alteromonadales__Alteromonadaceae__OM60_NOR5__clade__uncultured_marine_bacterium--DQ009134.1.2249	uncultured_marine_bacterium	Proteobacteria
Bacteria__Proteobacteria__Gammaproteobacteria__Alteromonadales__Alteromonadaceae__SAR92_clade__uncultured_bacterium--JX016188.1.1492	uncultured_bacterium	Proteobacteria
Bacteria__Proteobacteria__Gammaproteobacteria__Alteromonadales__Alteromonadaceae__Simiduia__uncultured_gamma_proteobacterium--JQ579747.1.1492	uncultured_gamma_proteobacterium	Proteobacteria
Bacteria__Proteobacteria__Gammaproteobacteria__Alteromonadales__Colwelliaceae__Colwellia__uncultured_bacterium--HM591373.1.1498	uncultured_bacterium	Proteobacteria
Bacteria__Proteobacteria__Gammaproteobacteria__Alteromonadales__Colwelliaceae__Thalassomonas__uncultured_bacterium--JX680763.1.1388	uncultured_bacterium	Proteobacteria
Bacteria__Proteobacteria__Gammaproteobacteria__Alteromonadales__Pseudoalteromonadaceae__Pseudoalteromonas__Pseudoalteromonas_sp_NBRC_107705--AB682656.1.1468	Pseudoalteromonas_sp_NBRC_107705	Proteobacteria
Bacteria__Proteobacteria__Gammaproteobacteria__Enterobacterales__Alteromonadaceae__Alteromonas__Alteromonas_macleodii--AB238950.1.1488	Alteromonas_macleodii	Proteobacteria
Bacteria__Proteobacteria__Gammaproteobacteria__Enterobacterales__Alteromonadaceae__Alteromonas__Alteromonas_oceani--MF687202.1.1473	Alteromonas_oceani	Proteobacteria
Bacteria__Proteobacteria__Gammaproteobacteria__Enterobacterales__Alteromonadaceae__Alteromonas__Alteromonas_sp._R2m1--DQ530523.1.825	Alteromonas_sp._R2m1	Proteobacteria
Bacteria__Proteobacteria__Gammaproteobacteria__Enterobacterales__Colwelliaceae__Thalassotalea__Thalassotalea_loyana--AY643537.1.1457	Thalassotalea_loyana	Proteobacteria
Bacteria__Proteobacteria__Gammaproteobacteria__Enterobacterales__Pseudoalteromonadaceae__Pseudoalteromonas__Pseudoalteromonas_piratica--CP009888.154507.156046	Pseudoalteromonas_piratica	Proteobacteria
Bacteria__Proteobacteria__Gammaproteobacteria__Enterobacterales__Pseudoalteromonadaceae__Pseudoalteromonas__Pseudoalteromonas_piratica--CP009888.2907571.2909110	Pseudoalteromonas_piratica	Proteobacteria
Bacteria__Proteobacteria__Gammaproteobacteria__Enterobacterales__Pseudoalteromonadaceae__Pseudoalteromonas__Pseudoalteromonas_piratica--CP009888.369501.371040	Pseudoalteromonas_piratica	Proteobacteria
Bacteria__Proteobacteria__Gammaproteobacteria__Enterobacterales__Pseudoalteromonadaceae__Pseudoalteromonas__Pseudoalteromonas_piratica--CP009888.756660.758199	Pseudoalteromonas_piratica	Proteobacteria
Bacteria__Proteobacteria__Gammaproteobacteria__Enterobacterales__Pseudoalteromonadaceae__Pseudoalteromonas__Pseudoalteromonas_piratica--CP009888.797588.799127	Pseudoalteromonas_piratica	Proteobacteria
Bacteria__Proteobacteria__Gammaproteobacteria__Enterobacterales__Pseudoalteromonadaceae__Pseudoalteromonas__Pseudoalteromonas_piratica--CP009888.869796.871335	Pseudoalteromonas_piratica	Proteobacteria
Bacteria__Proteobacteria__Gammaproteobacteria__Enterobacterales__Pseudoalteromonadaceae__Pseudoalteromonas__Pseudoalteromonas_piratica--CP009888.946302.947841	Pseudoalteromonas_piratica	Proteobacteria
Bacteria__Proteobacteria__Gammaproteobacteria__Enterobacterales__Pseudoalteromonadaceae__Pseudoalteromonas__Pseudoalteromonas_shioyasakiensis--AB720724.1.1501	Pseudoalteromonas_shioyasakiensis	Proteobacteria
Bacteria__Proteobacteria__Gammaproteobacteria__Enterobacterales__Pseudoalteromonadaceae__Pseudoalteromonas__Pseudoalteromonas_sp--KU955357.1.1449	Pseudoalteromonas_sp	Proteobacteria
Bacteria__Proteobacteria__Gammaproteobacteria__Enterobacterales__Vibrionaceae__Photobacterium__Photobacterium_sp._R2m2--DQ530524.1.805	Photobacterium_sp._R2m2	Proteobacteria
Bacteria__Proteobacteria__Gammaproteobacteria__Enterobacterales__Vibrionaceae__Photobacterium__Photobacterium_sp._R2t1--DQ530525.1.831	Photobacterium_sp._R2t1	Proteobacteria
Bacteria__Proteobacteria__Gammaproteobacteria__Enterobacterales__Vibrionaceae__Photobacterium__Photobacterium_sp._R2t2--DQ530526.1.816	Photobacterium_sp._R2t2	Proteobacteria
Bacteria__Proteobacteria__Gammaproteobacteria__Enterobacterales__Vibrionaceae__Photobacterium__Photobacterium_sp._R2t3--DQ530527.1.833	Photobacterium_sp._R2t3	Proteobacteria
Bacteria__Proteobacteria__Gammaproteobacteria__Enterobacterales__Vibrionaceae__Salinivibrio__Salinivibrio_costicola--AM945651.1.1344	Salinivibrio_costicola	Proteobacteria
Bacteria__Proteobacteria__Gammaproteobacteria__Enterobacterales__Vibrionaceae__Vibrio__Vibrio_alginolyticus--AB680916.1.1478	Vibrio_alginolyticus	Proteobacteria
Bacteria__Proteobacteria__Gammaproteobacteria__Enterobacterales__Vibrionaceae__Vibrio__Vibrio_coralliilyticus--AJ316167.1.1468	Vibrio_coralliilyticus	Proteobacteria
Bacteria__Proteobacteria__Gammaproteobacteria__Enterobacterales__Vibrionaceae__Vibrio__Vibrio_harveyi--AB428921.1.1297	Vibrio_harveyi	Proteobacteria
Bacteria__Proteobacteria__Gammaproteobacteria__Enterobacterales__Vibrionaceae__Vibrio__Vibrio_owensii--AB793687.1.1466	Vibrio_owensii	Proteobacteria
Bacteria__Proteobacteria__Gammaproteobacteria__Enterobacterales__Vibrionaceae__Vibrio__Vibrio_shiloi_A203--ASHJ01000914.4404.5936	Vibrio_shiloi_A203	Proteobacteria
Bacteria__Proteobacteria__Gammaproteobacteria__Enterobacterales__Vibrionaceae__Vibrio__Vibrio_tubiashii--AB680929.1.1479	Vibrio_tubiashii	Proteobacteria
Bacteria__Proteobacteria__Gammaproteobacteria__Enterobacterales__Yersiniaceae__Serratia__Serratia_marcescens--AB061685.1.1532	Serratia_marcescens	Proteobacteria
Bacteria__Proteobacteria__Gammaproteobacteria__Enterobacteriales__Enterobacteriaceae__Enterobacter__Enterobacter_cloacae--AJ251469.1.1511	Enterobacter_cloacae	Proteobacteria
Bacteria__Proteobacteria__Gammaproteobacteria__Enterobacteriales__Enterobacteriaceae__Escherichia_Shigella__Shigella_dysenteriae--X96966.1.1487	Shigella_dysenteriae	Proteobacteria
Bacteria__Proteobacteria__Gammaproteobacteria__KI89A_clade__uncultured_bacterium--EF574537.1.1498	uncultured_bacterium	Proteobacteria
Bacteria__Proteobacteria__Gammaproteobacteria__Oceanospirillales__Alcanivoracaceae__Alcanivorax__uncultured_bacterium--EU287296.1.1503	uncultured_bacterium	Proteobacteria
Bacteria__Proteobacteria__Gammaproteobacteria__Oceanospirillales__Halomonadaceae__Halomonas__Halomonas_elongata--AM941743.1.1457	Halomonas_elongata	Proteobacteria
Bacteria__Proteobacteria__Gammaproteobacteria__Oceanospirillales__JL_ETNP_Y6__uncultured_gamma_proteobacterium--GQ348272.1.1379	uncultured_gamma_proteobacterium	Proteobacteria
Bacteria__Proteobacteria__Gammaproteobacteria__Oceanospirillales__Oceanospirillaceae__Balneatrix__uncultured_gamma_proteobacterium--EU544807.1.1488	uncultured_gamma_proteobacterium	Proteobacteria
Bacteria__Proteobacteria__Gammaproteobacteria__Oceanospirillales__Oceanospirillaceae__Marinomonas__Marinomonas_communis--DQ011528.1.1461	Marinomonas_communis	Proteobacteria
Bacteria__Proteobacteria__Gammaproteobacteria__Oceanospirillales__Oceanospirillaceae__Marinomonas__uncultured_marine_bacterium--EU338370.1.1450	uncultured_marine_bacterium	Proteobacteria
Bacteria__Proteobacteria__Gammaproteobacteria__Oceanospirillales__Oceanospirillaceae__Pseudospirillum__uncultured_bacterium--EU799647.1.1480	uncultured_bacterium	Proteobacteria
Bacteria__Proteobacteria__Gammaproteobacteria__Oceanospirillales__Oleiphilaceae__Oleiphilus__uncultured_gamma_proteobacterium--JQ579692.1.1494	uncultured_gamma_proteobacterium	Proteobacteria
Bacteria__Proteobacteria__Gammaproteobacteria__Oceanospirillales__OM182_clade__uncultured_bacterium--EU491863.1.1444	uncultured_bacterium	Proteobacteria
Bacteria__Proteobacteria__Gammaproteobacteria__Oceanospirillales__SAR86_clade__uncultured_bacterium--EU799836.1.1500	uncultured_bacterium	Proteobacteria
Bacteria__Proteobacteria__Gammaproteobacteria__Oceanospirillales__ZD0405__uncultured_bacterium--JX537821.1.1374	uncultured_bacterium	Proteobacteria
Bacteria__Proteobacteria__Gammaproteobacteria__Pseudomonadales__Halomonadaceae__Cobetia__Cobetia_marina--KP236304.1.1190	Cobetia_marina	Proteobacteria
Bacteria__Proteobacteria__Gammaproteobacteria__Pseudomonadales__Halomonadaceae__Halomonas__Halomonas_taeanensis--AY671975.1.1408	Halomonas_taeanensis	Proteobacteria
Bacteria__Proteobacteria__Gammaproteobacteria__Pseudomonadales__Halomonadaceae__Halomonas_taeanensis--KJ161492.1.1257	Halomonas_taeanensis	Proteobacteria
Bacteria__Proteobacteria__Gammaproteobacteria__Pseudomonadales__Marinobacteraceae__Marinobacter__Marinobacter_salsuginis--EF028328.1.1487	Marinobacter_salsuginis	Proteobacteria
Bacteria__Proteobacteria__Gammaproteobacteria__Pseudomonadales__Moraxellaceae__Acinetobacter__Pseudomonas_aeruginosa--HE978271.1.1527	Pseudomonas_aeruginosa	Proteobacteria
Bacteria__Proteobacteria__Gammaproteobacteria__Vibrionales__Vibrionaceae__Photobacterium__Photobacterium_phosphoreum--D25310.1.1465	Photobacterium_phosphoreum	Proteobacteria
Bacteria__Proteobacteria__Gammaproteobacteria__Vibrionales__Vibrionaceae__Vibrio__Vibrio_atlanticus--FN582272.1.1494	Vibrio_atlanticus	Proteobacteria
Bacteria__Verrucomicrobia__Opitutae__MB11C04_marine_group__uncultured_bacterium--JX015561.1.1500	uncultured_bacterium	Verrucomicrobia
Bacteria__Verrucomicrobia__Opitutae__Opitutales__Opitutaceae__Alterococcus__Alterococcus_agarolyticus--AF075271.1.1482	Alterococcus_agarolyticus	Verrucomicrobia
Bacteria__Verrucomicrobia__Opitutae__Opitutales__Opitutaceae__Opitutus__Opitutus_terrae--AJ229235.1.1480	Opitutus_terrae	Verrucomicrobia
Bacteria__Verrucomicrobia__Opitutae__Puniceicoccales__Puniceicoccaceae__marine_group__uncultured_bacterium--EF574533.1.1520	uncultured_bacterium	Verrucomicrobia
Bacteria__Verrucomicrobia__Verrucomicrobiae__Verrucomicrobiales__Verrucomicrobiaceae__Prosthecobacter__Prosthecobacter_fusiformis--U60015.1.1469	Prosthecobacter_fusiformis	Verrucomicrobia
Bacteria__Verrucomicrobia__Verrucomicrobiae__Verrucomicrobiales__Verrucomicrobiaceae__Roseimicrobium__Roseimicrobium_gellanilyticum--AB552861.1.1457	Roseimicrobium_gellanilyticum	Verrucomicrobia
Bacteria__Verrucomicrobia__Verrucomicrobiae__Verrucomicrobiales__Verrucomicrobiaceae__Verrucomicrobium__Verrucomicrobium_spinosum--X90515.1.1492	Verrucomicrobium_spinosum	Verrucomicrobia